Timestamp,yaw,pitch,roll
0:00:00,0,0,0
0:00:00.500000,0,0,0
0:00:01,0,0,0
0:00:01.500000,0,0,0
0:00:02,0,0,0
0:00:02.500000,0,0,0
0:00:03,0,0,0
0:00:03.500000,0,0,0
0:00:04,0,0,0
0:00:04.500000,0,0,0
0:00:05,0,0,0
0:00:05.500000,0,0,0
0:00:06,0,0,0
0:00:06.500000,0,0,0
0:00:07,0,0,0
0:00:07.500000,0,0,0
0:00:08,0,0,0
0:00:08.500000,0,0,0
0:00:09,0,0,0
0:00:09.500000,0,0,0
0:00:10,0,0,0
0:00:10.500000,0,0,0
0:00:11,0,0,0
0:00:11.500000,0,0,0
0:00:12,0,0,0
0:00:12.500000,0,0,0
0:00:13,0,0,0
0:00:13.500000,0,0,0
0:00:14,0,0,0
0:00:14.500000,0,0,0
0:00:15,0,0,0
0:00:15.500000,0,0,0
0:00:16,0,0,0
0:00:16.500000,0,0,0
0:00:17,0,0,0
0:00:17.500000,0,0,0
0:00:18,0,0,0
0:00:18.500000,0,0,0
0:00:19,0,0,0
0:00:19.500000,0,0,0
0:00:20,-75,0,0
0:00:20.500000,-75,0,0
0:00:21,0,0,0
0:00:21.500000,0,0,0
0:00:22,0,0,0
0:00:22.500000,0,0,0
0:00:23,0,0,0
0:00:23.500000,0,0,0
0:00:24,0,0,0
0:00:24.500000,0,0,0
0:00:25,0,0,0
0:00:25.500000,0,0,0
0:00:26,0,0,0
0:00:26.500000,0,0,0
0:00:27,0,0,0
0:00:27.500000,0,0,0
0:00:28,0,0,0
0:00:28.500000,0,0,0
0:00:29,0,0,0
0:00:29.500000,0,0,0
0:00:30,0,0,0
0:00:30.500000,0,0,0
0:00:31,0,0,0
0:00:31.500000,0,0,0
0:00:32,0,0,0
0:00:32.500000,0,0,0
0:00:33,0,0,0
0:00:33.500000,0,0,0
0:00:34,0,0,0
0:00:34.500000,0,0,0
0:00:35,0,0,0
0:00:35.500000,0,0,0
0:00:36,0,0,0
0:00:36.500000,0,0,0
0:00:37,0,0,0
0:00:37.500000,0,0,0
0:00:38,0,0,0
0:00:38.500000,0,0,0
0:00:39,0,0,0
0:00:39.500000,0,0,0
0:00:40,0,0,0
0:00:40.500000,0,0,0
0:00:41,0,0,0
0:00:41.500000,0,0,0
0:00:42,-75,0,0
0:00:42.500000,-75,0,0
0:00:43,-75,0,0
0:00:43.500000,-75,0,0
0:00:44,-75,0,0
0:00:44.500000,-75,0,0
0:00:45,-75,0,0
0:00:45.500000,-75,0,0
0:00:46,-75,0,0
0:00:46.500000,-75,0,0
0:00:47,-75,0,0
0:00:47.500000,-75,0,0
0:00:48,0,0,0
0:00:48.500000,0,0,0
0:00:49,0,0,0
0:00:49.500000,-75,0,0
0:00:50,-75,0,0
0:00:50.500000,-75,0,0
0:00:51,-75,0,0
0:00:51.500000,-75,0,0
0:00:52,-75,0,0
0:00:52.500000,-75,0,0
0:00:53,-75,0,0
0:00:53.500000,-75,0,0
0:00:54,-75,0,0
0:00:54.500000,-75,0,0
0:00:55,-75,0,0
0:00:55.500000,-75,0,0
0:00:56,-75,0,0
0:00:56.500000,-75,0,0
0:00:57,-75,0,0
0:00:57.500000,-75,0,0
0:00:58,0,0,0
0:00:58.500000,0,0,0
0:00:59,-75,0,0
0:00:59.500000,-75,0,0
0:01:00,-75,0,0
0:01:00.500000,0,0,0
0:01:01,0,0,0
0:01:01.500000,0,0,0
0:01:02,0,0,0
0:01:02.500000,0,0,0
0:01:03,0,0,0
0:01:03.500000,0,0,0
0:01:04,0,0,0
0:01:04.500000,0,0,0
0:01:05,0,0,0
0:01:05.500000,0,0,0
0:01:06,0,0,0
0:01:06.500000,0,0,0
0:01:07,0,0,0
0:01:07.500000,0,0,0
0:01:08,0,0,0
0:01:08.500000,0,0,0
0:01:09,0,0,0
0:01:09.500000,0,0,0
0:01:10,0,0,0
0:01:10.500000,0,0,0
0:01:11,0,0,0
0:01:11.500000,0,0,0
0:01:12,0,0,0
0:01:12.500000,0,0,0
0:01:13,0,0,0
0:01:13.500000,0,0,0
0:01:14,0,0,0
0:01:14.500000,0,0,0
0:01:15,0,0,0
0:01:15.500000,0,0,0
0:01:16,0,0,0
0:01:16.500000,0,0,0
0:01:17,0,0,0
0:01:17.500000,0,0,0
0:01:18,0,0,0
0:01:18.500000,0,0,0
0:01:19,0,0,0
0:01:19.500000,0,0,0
0:01:20,0,0,0
0:01:20.500000,0,0,0
0:01:21,0,0,0
0:01:21.500000,0,0,0
0:01:22,0,0,0
0:01:22.500000,0,0,0
0:01:23,0,0,0
0:01:23.500000,0,0,0
0:01:24,0,0,0
0:01:24.500000,0,0,0
0:01:25,0,0,0
0:01:25.500000,0,0,0
0:01:26,0,0,0
0:01:26.500000,0,0,0
0:01:27,0,0,0
0:01:27.500000,0,0,0
0:01:28,0,0,0
0:01:28.500000,0,0,0
0:01:29,0,0,0
0:01:29.500000,0,0,0
0:01:30,0,0,0
0:01:30.500000,0,0,0
0:01:31,0,0,0
0:01:31.500000,0,0,0
0:01:32,0,0,0
0:01:32.500000,0,0,0
0:01:33,0,0,0
0:01:33.500000,0,0,0
0:01:34,0,0,0
0:01:34.500000,0,0,0
0:01:35,0,0,0
0:01:35.500000,0,0,0
0:01:36,0,0,0
0:01:36.500000,0,0,0
0:01:37,0,0,0
0:01:37.500000,0,0,0
0:01:38,0,0,0
0:01:38.500000,0,0,0
0:01:39,0,0,0
0:01:39.500000,0,0,0
0:01:40,0,0,0
0:01:40.500000,0,0,0
0:01:41,0,0,0
0:01:41.500000,0,0,0
0:01:42,0,0,0
0:01:42.500000,0,0,0
0:01:43,0,0,0
0:01:43.500000,0,0,0
0:01:44,0,0,0
0:01:44.500000,0,0,0
0:01:45,0,0,0
0:01:45.500000,0,0,0
0:01:46,0,0,0
0:01:46.500000,0,0,0
0:01:47,0,0,0
0:01:47.500000,0,0,0
0:01:48,0,0,0
0:01:48.500000,0,0,0
0:01:49,0,0,0
0:01:49.500000,0,0,0
0:01:50,0,0,0
0:01:50.500000,0,0,0
0:01:51,0,0,0
0:01:51.500000,0,0,0
0:01:52,0,0,0
0:01:52.500000,0,0,0
0:01:53,0,0,0
0:01:53.500000,0,0,0
0:01:54,0,0,0
0:01:54.500000,0,0,0
0:01:55,0,0,0
0:01:55.500000,0,0,0
0:01:56,-75,0,0
0:01:56.500000,-75,0,0
0:01:57,-75,0,0
0:01:57.500000,-75,0,0
0:01:58,0,0,0
0:01:58.500000,-75,0,0
0:01:59,-75,0,0
0:01:59.500000,-75,0,0
0:02:00,-75,0,0
0:02:00.500000,-75,0,0
0:02:01,-75,0,0
0:02:01.500000,-75,0,0
0:02:02,-75,0,0
0:02:02.500000,-75,0,0
0:02:03,-75,0,0
0:02:03.500000,-75,0,0
0:02:04,0,0,0
0:02:04.500000,0,0,0
0:02:05,0,0,0
0:02:05.500000,0,0,0
0:02:06,0,0,0
0:02:06.500000,0,0,0
0:02:07,0,0,0
0:02:07.500000,0,0,0
0:02:08,0,0,0
0:02:08.500000,0,0,0
0:02:09,0,0,0
0:02:09.500000,0,0,0
0:02:10,0,0,0
0:02:10.500000,0,0,0
0:02:11,0,0,0
0:02:11.500000,0,0,0
0:02:12,0,0,0
0:02:12.500000,0,0,0
0:02:13,0,0,0
0:02:13.500000,-75,0,0
0:02:14,-75,0,0
0:02:14.500000,-75,0,0
0:02:15,-75,0,0
0:02:15.500000,-75,0,0
0:02:16,-75,0,0
0:02:16.500000,-75,0,0
0:02:17,0,0,0
0:02:17.500000,0,0,0
0:02:18,0,0,0
0:02:18.500000,0,0,0
0:02:19,0,0,0
0:02:19.500000,0,0,0
0:02:20,0,0,0
0:02:20.500000,0,0,0
0:02:21,0,0,0
0:02:21.500000,0,0,0
0:02:22,0,0,0
0:02:22.500000,0,0,0
0:02:23,0,0,0
0:02:23.500000,0,0,0
0:02:24,0,0,0
0:02:24.500000,0,0,0
0:02:25,0,0,0
0:02:25.500000,0,0,0
0:02:26,0,0,0
0:02:26.500000,0,0,0
0:02:27,0,0,0
0:02:27.500000,0,0,0
0:02:28,0,0,0
0:02:28.500000,0,0,0
0:02:29,0,0,0
0:02:29.500000,0,0,0
0:02:30,0,0,0
0:02:30.500000,0,0,0
0:02:31,0,0,0
0:02:31.500000,0,0,0
0:02:32,0,0,0
0:02:32.500000,0,0,0
0:02:33,0,0,0
0:02:33.500000,0,0,0
0:02:34,0,0,0
0:02:34.500000,0,0,0
0:02:35,0,0,0
0:02:35.500000,0,0,0
0:02:36,0,0,0
0:02:36.500000,0,0,0
0:02:37,0,0,0
0:02:37.500000,0,0,0
0:02:38,0,0,0
0:02:38.500000,0,0,0
0:02:39,0,0,0
0:02:39.500000,0,0,0
0:02:40,0,0,0
0:02:40.500000,0,0,0
0:02:41,0,0,0
0:02:41.500000,0,0,0
0:02:42,0,0,0
0:02:42.500000,0,0,0
0:02:43,0,0,0
0:02:43.500000,0,0,0
0:02:44,0,0,0
0:02:44.500000,0,0,0
0:02:45,0,0,0
0:02:45.500000,0,0,0
0:02:46,0,0,0
0:02:46.500000,0,0,0
0:02:47,0,0,0
0:02:47.500000,0,0,0
0:02:48,0,0,0
0:02:48.500000,0,0,0
0:02:49,0,0,0
0:02:49.500000,0,0,0
0:02:50,0,0,0
0:02:50.500000,0,0,0
0:02:51,0,0,0
0:02:51.500000,0,0,0
0:02:52,0,0,0
0:02:52.500000,0,0,0
0:02:53,0,0,0
0:02:53.500000,0,0,0
0:02:54,0,0,0
0:02:54.500000,0,0,0
0:02:55,0,0,0
0:02:55.500000,0,0,0
0:02:56,0,0,0
0:02:56.500000,0,0,0
0:02:57,0,0,0
0:02:57.500000,0,0,0
0:02:58,0,0,0
0:02:58.500000,0,0,0
0:02:59,0,0,0
0:02:59.500000,0,0,0
0:03:00,0,0,0
0:03:00.500000,0,0,0
0:03:01,0,0,0
0:03:01.500000,0,0,0
0:03:02,0,0,0
0:03:02.500000,0,0,0
0:03:03,0,0,0
0:03:03.500000,0,0,0
0:03:04,0,0,0
0:03:04.500000,0,0,0
0:03:05,0,0,0
0:03:05.500000,0,0,0
0:03:06,0,0,0
0:03:06.500000,0,0,0
0:03:07,0,0,0
0:03:07.500000,0,0,0
0:03:08,0,0,0
0:03:08.500000,0,0,0
0:03:09,0,0,0
0:03:09.500000,0,0,0
0:03:10,0,0,0
0:03:10.500000,0,0,0
0:03:11,0,0,0
0:03:11.500000,0,0,0
0:03:12,0,0,0
0:03:12.500000,0,0,0
0:03:13,0,0,0
0:03:13.500000,0,0,0
0:03:14,0,0,0
0:03:14.500000,0,0,0
0:03:15,0,0,0
0:03:15.500000,0,0,0
0:03:16,0,0,0
0:03:16.500000,0,0,0
0:03:17,0,0,0
0:03:17.500000,0,0,0
0:03:18,0,0,0
0:03:18.500000,0,0,0
0:03:19,0,0,0
0:03:19.500000,0,0,0
0:03:20,0,0,0
0:03:20.500000,0,0,0
0:03:21,0,0,0
0:03:21.500000,0,0,0
0:03:22,0,0,0
0:03:22.500000,0,0,0
0:03:23,0,0,0
0:03:23.500000,0,0,0
0:03:24,0,0,0
0:03:24.500000,0,0,0
0:03:25,0,0,0
0:03:25.500000,0,0,0
0:03:26,0,0,0
0:03:26.500000,0,0,0
0:03:27,0,0,0
0:03:27.500000,0,0,0
0:03:28,0,0,0
0:03:28.500000,0,0,0
0:03:29,0,0,0
0:03:29.500000,0,0,0
0:03:30,0,0,0
0:03:30.500000,0,0,0
0:03:31,0,0,0
0:03:31.500000,0,0,0
0:03:32,0,0,0
0:03:32.500000,0,0,0
0:03:33,0,0,0
0:03:33.500000,0,0,0
0:03:34,0,0,0
0:03:34.500000,0,0,0
0:03:35,0,0,0
0:03:35.500000,0,0,0
0:03:36,0,0,0
0:03:36.500000,0,0,0
0:03:37,0,0,0
0:03:37.500000,0,0,0
0:03:38,0,0,0
0:03:38.500000,0,0,0
0:03:39,0,0,0
0:03:39.500000,0,0,0
0:03:40,0,0,0
0:03:40.500000,0,0,0
0:03:41,0,0,0
0:03:41.500000,0,0,0
0:03:42,0,0,0
0:03:42.500000,0,0,0
0:03:43,0,0,0
0:03:43.500000,0,0,0
0:03:44,0,0,0
0:03:44.500000,0,0,0
0:03:45,0,0,0
0:03:45.500000,0,0,0
0:03:46,0,0,0
0:03:46.500000,0,0,0
0:03:47,0,0,0
0:03:47.500000,0,0,0
0:03:48,0,0,0
0:03:48.500000,0,0,0
0:03:49,0,0,0
0:03:49.500000,0,0,0
0:03:50,0,0,0
0:03:50.500000,0,0,0
0:03:51,0,0,0
0:03:51.500000,0,0,0
0:03:52,0,0,0
0:03:52.500000,0,0,0
0:03:53,0,0,0
0:03:53.500000,0,0,0
0:03:54,0,0,0
0:03:54.500000,0,0,0
0:03:55,0,0,0
0:03:55.500000,0,0,0
0:03:56,0,0,0
0:03:56.500000,0,0,0
0:03:57,0,0,0
0:03:57.500000,0,0,0
0:03:58,0,0,0
0:03:58.500000,0,0,0
0:03:59,0,0,0
0:03:59.500000,0,0,0
0:04:00,0,0,0
0:04:00.500000,0,0,0
0:04:01,0,0,0
0:04:01.500000,0,0,0
0:04:02,0,0,0
0:04:02.500000,0,0,0
0:04:03,0,0,0
0:04:03.500000,0,0,0
0:04:04,0,0,0
0:04:04.500000,0,0,0
0:04:05,0,0,0
0:04:05.500000,0,0,0
0:04:06,0,0,0
0:04:06.500000,0,0,0
0:04:07,0,0,0
0:04:07.500000,0,0,0
0:04:08,0,0,0
0:04:08.500000,0,0,0
0:04:09,0,0,0
0:04:09.500000,0,0,0
0:04:10,0,0,0
0:04:10.500000,0,0,0
0:04:11,0,0,0
0:04:11.500000,0,0,0
0:04:12,0,0,0
0:04:12.500000,0,0,0
0:04:13,0,0,0
0:04:13.500000,0,0,0
0:04:14,0,0,0
0:04:14.500000,0,0,0
0:04:15,0,0,0
0:04:15.500000,0,0,0
0:04:16,0,0,0
0:04:16.500000,0,0,0
0:04:17,0,0,0
0:04:17.500000,0,0,0
0:04:18,0,0,0
0:04:18.500000,0,0,0
0:04:19,0,0,0
0:04:19.500000,0,0,0
0:04:20,0,0,0
0:04:20.500000,0,0,0
0:04:21,0,0,0
0:04:21.500000,0,0,0
0:04:22,0,0,0
0:04:22.500000,-75,0,0
0:04:23,0,0,0
0:04:23.500000,0,0,0
0:04:24,0,0,0
0:04:24.500000,0,0,0
0:04:25,0,0,0
0:04:25.500000,0,0,0
0:04:26,0,0,0
0:04:26.500000,0,0,0
0:04:27,0,0,0
0:04:27.500000,0,0,0
0:04:28,0,0,0
0:04:28.500000,0,0,0
0:04:29,0,0,0
0:04:29.500000,0,0,0
0:04:30,0,0,0
0:04:30.500000,0,0,0
0:04:31,0,0,0
0:04:31.500000,0,0,0
0:04:32,0,0,0
0:04:32.500000,0,0,0
0:04:33,0,0,0
0:04:33.500000,0,0,0
0:04:34,0,0,0
0:04:34.500000,0,0,0
0:04:35,0,0,0
0:04:35.500000,0,0,0
0:04:36,0,0,0
0:04:36.500000,0,0,0
0:04:37,0,0,0
0:04:37.500000,0,0,0
0:04:38,0,0,0
0:04:38.500000,0,0,0
0:04:39,0,0,0
0:04:39.500000,0,0,0
0:04:40,0,0,0
0:04:40.500000,0,0,0
0:04:41,0,0,0
0:04:41.500000,0,0,0
0:04:42,0,0,0
0:04:42.500000,0,0,0
0:04:43,0,0,0
0:04:43.500000,0,0,0
0:04:44,0,0,0
0:04:44.500000,0,0,0
0:04:45,0,0,0
0:04:45.500000,0,0,0
0:04:46,0,0,0
0:04:46.500000,0,0,0
0:04:47,0,0,0
0:04:47.500000,0,0,0
0:04:48,0,0,0
0:04:48.500000,0,0,0
0:04:49,0,0,0
0:04:49.500000,0,0,0
0:04:50,0,0,0
0:04:50.500000,0,0,0
0:04:51,0,0,0
0:04:51.500000,0,0,0
0:04:52,0,0,0
0:04:52.500000,0,0,0
0:04:53,0,0,0
0:04:53.500000,0,0,0
0:04:54,0,0,0
0:04:54.500000,0,0,0
0:04:55,0,0,0
0:04:55.500000,0,0,0
0:04:56,0,0,0
0:04:56.500000,0,0,0
0:04:57,0,0,0
0:04:57.500000,0,0,0
0:04:58,0,0,0
0:04:58.500000,0,0,0
0:04:59,0,0,0
0:04:59.500000,0,0,0
0:05:00,0,0,0
0:05:00.500000,0,0,0
0:05:01,0,0,0
0:05:01.500000,0,0,0
0:05:02,0,0,0
0:05:02.500000,0,0,0
0:05:03,0,0,0
0:05:03.500000,0,0,0
0:05:04,0,0,0
0:05:04.500000,0,0,0
0:05:05,0,0,0
0:05:05.500000,0,0,0
0:05:06,0,0,0
0:05:06.500000,0,0,0
0:05:07,0,0,0
0:05:07.500000,0,0,0
0:05:08,0,0,0
0:05:08.500000,0,0,0
0:05:09,0,0,0
0:05:09.500000,0,0,0
0:05:10,0,0,0
0:05:10.500000,0,0,0
0:05:11,0,0,0
0:05:11.500000,0,0,0
0:05:12,0,0,0
0:05:12.500000,0,0,0
0:05:13,0,0,0
0:05:13.500000,0,0,0
0:05:14,0,0,0
0:05:14.500000,0,0,0
0:05:15,0,0,0
0:05:15.500000,0,0,0
0:05:16,0,0,0
0:05:16.500000,0,0,0
0:05:17,0,0,0
0:05:17.500000,0,0,0
0:05:18,0,0,0
0:05:18.500000,0,0,0
0:05:19,0,0,0
0:05:19.500000,0,0,0
0:05:20,0,0,0
0:05:20.500000,0,0,0
0:05:21,0,0,0
0:05:21.500000,0,0,0
0:05:22,0,0,0
0:05:22.500000,0,0,0
0:05:23,0,0,0
0:05:23.500000,0,0,0
0:05:24,0,0,0
0:05:24.500000,0,0,0
0:05:25,0,0,0
0:05:25.500000,0,0,0
0:05:26,0,0,0
0:05:26.500000,0,0,0
0:05:27,0,0,0
0:05:27.500000,0,0,0
0:05:28,0,0,0
0:05:28.500000,0,0,0
0:05:29,0,0,0
0:05:29.500000,0,0,0
0:05:30,0,0,0
0:05:30.500000,0,0,0
0:05:31,0,0,0
0:05:31.500000,0,0,0
0:05:32,0,0,0
0:05:32.500000,0,0,0
0:05:33,0,0,0
0:05:33.500000,0,0,0
0:05:34,0,0,0
0:05:34.500000,0,0,0
0:05:35,0,0,0
0:05:35.500000,0,0,0
0:05:36,0,0,0
0:05:36.500000,0,0,0
0:05:37,0,0,0
0:05:37.500000,0,0,0
0:05:38,0,0,0
0:05:38.500000,0,0,0
0:05:39,0,0,0
0:05:39.500000,0,0,0
0:05:40,0,0,0
0:05:40.500000,0,0,0
0:05:41,0,0,0
0:05:41.500000,0,0,0
0:05:42,0,0,0
0:05:42.500000,0,0,0
0:05:43,0,0,0
0:05:43.500000,0,0,0
0:05:44,0,0,0
0:05:44.500000,0,0,0
0:05:45,0,0,0
0:05:45.500000,0,0,0
0:05:46,0,0,0
0:05:46.500000,0,0,0
0:05:47,0,0,0
0:05:47.500000,0,0,0
0:05:48,0,0,0
0:05:48.500000,0,0,0
0:05:49,0,0,0
0:05:49.500000,0,0,0
0:05:50,0,0,0
0:05:50.500000,0,0,0
0:05:51,0,0,0
0:05:51.500000,0,0,0
0:05:52,0,0,0
0:05:52.500000,75,0,0
0:05:53,0,0,0
0:05:53.500000,0,0,0
0:05:54,0,0,0
0:05:54.500000,0,0,0
0:05:55,0,0,0
0:05:55.500000,0,0,0
0:05:56,0,0,0
0:05:56.500000,0,0,0
0:05:57,0,0,0
0:05:57.500000,0,0,0
0:05:58,0,0,0
0:05:58.500000,0,0,0
0:05:59,0,0,0
0:05:59.500000,0,0,0
0:06:00,0,0,0
0:06:00.500000,0,0,0
0:06:01,0,0,0
0:06:01.500000,0,0,0
0:06:02,0,0,0
0:06:02.500000,0,0,0
0:06:03,0,0,0
0:06:03.500000,0,0,0
0:06:04,0,0,0
0:06:04.500000,0,0,0
0:06:05,0,0,0
0:06:05.500000,0,0,0
0:06:06,0,0,0
0:06:06.500000,0,0,0
0:06:07,0,0,0
0:06:07.500000,0,0,0
0:06:08,0,0,0
0:06:08.500000,0,0,0
0:06:09,0,0,0
0:06:09.500000,75,0,0
0:06:10,75,0,0
0:06:10.500000,0,0,0
0:06:11,0,0,0
0:06:11.500000,0,0,0
0:06:12,0,0,0
0:06:12.500000,0,0,0
0:06:13,0,0,0
0:06:13.500000,0,0,0
0:06:14,0,0,0
0:06:14.500000,0,0,0
0:06:15,0,0,0
0:06:15.500000,0,0,0
0:06:16,0,0,0
0:06:16.500000,0,0,0
0:06:17,0,0,0
0:06:17.500000,0,0,0
0:06:18,0,0,0
0:06:18.500000,0,0,0
0:06:19,0,0,0
0:06:19.500000,0,0,0
0:06:20,0,0,0
0:06:20.500000,75,0,0
0:06:21,75,0,0
0:06:21.500000,0,0,0
0:06:22,0,0,0
0:06:22.500000,-75,0,0
0:06:23,0,0,0
0:06:23.500000,0,0,0
0:06:24,0,0,0
0:06:24.500000,0,0,0
0:06:25,0,0,0
0:06:25.500000,0,0,0
0:06:26,0,0,0
0:06:26.500000,0,0,0
0:06:27,0,0,0
0:06:27.500000,0,0,0
0:06:28,0,0,0
0:06:28.500000,0,0,0
0:06:29,0,0,0
0:06:29.500000,0,0,0
0:06:30,0,0,0
0:06:30.500000,0,0,0
0:06:31,0,0,0
0:06:31.500000,0,0,0
0:06:32,0,0,0
0:06:32.500000,0,0,0
0:06:33,0,0,0
0:06:33.500000,0,0,0
0:06:34,0,0,0
0:06:34.500000,0,0,0
0:06:35,0,0,0
0:06:35.500000,0,0,0
0:06:36,0,0,0
0:06:36.500000,0,0,0
0:06:37,0,0,0
0:06:37.500000,0,0,0
0:06:38,0,0,0
0:06:38.500000,0,0,0
0:06:39,0,0,0
0:06:39.500000,0,0,0
0:06:40,0,0,0
0:06:40.500000,0,0,0
0:06:41,0,0,0
0:06:41.500000,0,0,0
0:06:42,0,0,0
0:06:42.500000,0,0,0
0:06:43,0,0,0
0:06:43.500000,0,0,0
0:06:44,0,0,0
0:06:44.500000,0,0,0
0:06:45,0,0,0
0:06:45.500000,0,0,0
0:06:46,0,0,0
0:06:46.500000,0,0,0
0:06:47,0,0,0
0:06:47.500000,0,0,0
0:06:48,0,0,0
0:06:48.500000,0,0,0
0:06:49,0,0,0
0:06:49.500000,0,0,0
0:06:50,0,0,0
0:06:50.500000,0,0,0
0:06:51,0,0,0
0:06:51.500000,0,0,0
0:06:52,0,0,0
0:06:52.500000,0,0,0
0:06:53,0,0,0
0:06:53.500000,0,0,0
0:06:54,0,0,0
0:06:54.500000,0,0,0
0:06:55,0,0,0
0:06:55.500000,0,0,0
0:06:56,0,0,0
0:06:56.500000,0,0,0
0:06:57,0,0,0
0:06:57.500000,0,0,0
0:06:58,0,0,0
0:06:58.500000,0,0,0
0:06:59,0,0,0
0:06:59.500000,0,0,0
0:07:00,0,0,0
0:07:00.500000,0,0,0
0:07:01,0,0,0
0:07:01.500000,0,0,0
0:07:02,0,0,0
0:07:02.500000,0,0,0
0:07:03,0,0,0
0:07:03.500000,0,0,0
0:07:04,0,0,0
0:07:04.500000,0,0,0
0:07:05,0,0,0
0:07:05.500000,0,0,0
0:07:06,0,0,0
0:07:06.500000,0,0,0
0:07:07,0,0,0
0:07:07.500000,0,0,0
0:07:08,0,0,0
0:07:08.500000,0,0,0
0:07:09,0,0,0
0:07:09.500000,0,0,0
0:07:10,0,0,0
0:07:10.500000,0,0,0
0:07:11,0,0,0
0:07:11.500000,0,0,0
0:07:12,0,0,0
0:07:12.500000,0,0,0
0:07:13,0,0,0
0:07:13.500000,0,0,0
0:07:14,0,0,0
0:07:14.500000,0,0,0
0:07:15,0,0,0
0:07:15.500000,0,0,0
0:07:16,0,0,0
0:07:16.500000,0,0,0
0:07:17,0,0,0
0:07:17.500000,0,0,0
0:07:18,0,0,0
0:07:18.500000,0,0,0
0:07:19,0,0,0
0:07:19.500000,0,0,0
0:07:20,0,0,0
0:07:20.500000,0,0,0
0:07:21,0,0,0
0:07:21.500000,0,0,0
0:07:22,0,0,0
0:07:22.500000,0,0,0
0:07:23,0,0,0
0:07:23.500000,0,0,0
0:07:24,0,0,0
0:07:24.500000,0,0,0
0:07:25,0,0,0
0:07:25.500000,0,0,0
0:07:26,0,0,0
0:07:26.500000,0,0,0
0:07:27,0,0,0
0:07:27.500000,0,0,0
0:07:28,0,0,0
0:07:28.500000,0,0,0
0:07:29,0,0,0
0:07:29.500000,0,0,0
0:07:30,0,0,0
0:07:30.500000,0,0,0
0:07:31,0,0,0
0:07:31.500000,0,0,0
0:07:32,0,0,0
0:07:32.500000,0,0,0
0:07:33,0,0,0
0:07:33.500000,0,0,0
0:07:34,0,0,0
0:07:34.500000,0,0,0
0:07:35,0,0,0
0:07:35.500000,0,0,0
0:07:36,0,0,0
0:07:36.500000,0,0,0
0:07:37,0,0,0
0:07:37.500000,0,0,0
0:07:38,0,0,0
0:07:38.500000,0,0,0
0:07:39,0,0,0
0:07:39.500000,0,0,0
0:07:40,0,0,0
0:07:40.500000,0,0,0
0:07:41,0,0,0
0:07:41.500000,0,0,0
0:07:42,0,0,0
0:07:42.500000,0,0,0
0:07:43,0,0,0
0:07:43.500000,0,0,0
0:07:44,0,0,0
0:07:44.500000,0,0,0
0:07:45,0,0,0
0:07:45.500000,0,0,0
0:07:46,0,0,0
0:07:46.500000,0,0,0
0:07:47,0,0,0
0:07:47.500000,0,0,0
0:07:48,0,0,0
0:07:48.500000,0,0,0
0:07:49,-75,0,0
0:07:49.500000,0,0,0
0:07:50,0,0,0
0:07:50.500000,0,0,0
0:07:51,-75,0,0
0:07:51.500000,-75,0,0
0:07:52,-75,0,0
0:07:52.500000,0,0,0
0:07:53,0,0,0
0:07:53.500000,0,0,0
0:07:54,75,0,0
0:07:54.500000,75,0,0
0:07:55,0,0,0
0:07:55.500000,0,0,0
0:07:56,0,0,0
0:07:56.500000,0,0,0
0:07:57,0,0,0
0:07:57.500000,0,0,0
0:07:58,0,0,0
0:07:58.500000,0,0,0
0:07:59,0,0,0
0:07:59.500000,0,0,0
0:08:00,0,0,0
0:08:00.500000,0,0,0
0:08:01,0,0,0
0:08:01.500000,0,0,0
0:08:02,0,0,0
0:08:02.500000,0,0,0
0:08:03,0,0,0
0:08:03.500000,0,0,0
0:08:04,0,0,0
0:08:04.500000,0,0,0
0:08:05,0,0,0
0:08:05.500000,0,0,0
0:08:06,0,0,0
0:08:06.500000,0,0,0
0:08:07,0,0,0
0:08:07.500000,0,0,0
0:08:08,0,0,0
0:08:08.500000,0,0,0
0:08:09,0,0,0
0:08:09.500000,0,0,0
0:08:10,0,0,0
0:08:10.500000,0,0,0
0:08:11,0,0,0
0:08:11.500000,0,0,0
0:08:12,0,0,0
0:08:12.500000,0,0,0
0:08:13,0,0,0
0:08:13.500000,0,0,0
0:08:14,0,0,0
0:08:14.500000,0,0,0
0:08:15,0,0,0
0:08:15.500000,0,0,0
0:08:16,0,0,0
0:08:16.500000,0,0,0
0:08:17,0,0,0
0:08:17.500000,0,0,0
0:08:18,0,0,0
0:08:18.500000,0,0,0
0:08:19,0,0,0
0:08:19.500000,0,0,0
0:08:20,0,0,0
0:08:20.500000,0,0,0
0:08:21,0,0,0
0:08:21.500000,0,0,0
0:08:22,0,0,0
0:08:22.500000,0,0,0
0:08:23,0,0,0
0:08:23.500000,0,0,0
0:08:24,0,0,0
0:08:24.500000,0,0,0
0:08:25,0,0,0
0:08:25.500000,0,0,0
0:08:26,0,0,0
0:08:26.500000,0,0,0
0:08:27,0,0,0
0:08:27.500000,0,0,0
0:08:28,0,0,0
0:08:28.500000,0,0,0
0:08:29,0,0,0
0:08:29.500000,0,0,0
0:08:30,0,0,0
0:08:30.500000,0,0,0
0:08:31,0,0,0
0:08:31.500000,0,0,0
0:08:32,0,0,0
0:08:32.500000,0,0,0
0:08:33,0,0,0
0:08:33.500000,0,0,0
0:08:34,0,0,0
0:08:34.500000,0,0,0
0:08:35,0,0,0
0:08:35.500000,0,0,0
0:08:36,0,0,0
0:08:36.500000,0,0,0
0:08:37,0,0,0
0:08:37.500000,0,0,0
0:08:38,0,0,0
0:08:38.500000,0,0,0
0:08:39,0,0,0
0:08:39.500000,0,0,0
0:08:40,0,0,0
0:08:40.500000,0,0,0
0:08:41,0,0,0
0:08:41.500000,0,0,0
0:08:42,0,0,0
0:08:42.500000,0,0,0
0:08:43,0,0,0
0:08:43.500000,0,0,0
0:08:44,0,0,0
0:08:44.500000,0,0,0
0:08:45,0,0,0
0:08:45.500000,0,0,0
0:08:46,0,0,0
0:08:46.500000,0,0,0
0:08:47,0,0,0
0:08:47.500000,0,0,0
0:08:48,0,0,0
0:08:48.500000,0,0,0
0:08:49,0,0,0
0:08:49.500000,0,0,0
0:08:50,0,0,0
0:08:50.500000,0,0,0
0:08:51,0,0,0
0:08:51.500000,0,0,0
0:08:52,0,0,0
0:08:52.500000,0,0,0
0:08:53,0,0,0
0:08:53.500000,0,0,0
0:08:54,0,0,0
0:08:54.500000,0,0,0
0:08:55,0,0,0
0:08:55.500000,0,0,0
0:08:56,0,0,0
0:08:56.500000,0,0,0
0:08:57,0,0,0
0:08:57.500000,0,0,0
0:08:58,0,0,0
0:08:58.500000,0,0,0
0:08:59,0,0,0
0:08:59.500000,0,0,0
0:09:00,0,0,0
0:09:00.500000,0,0,0
0:09:01,0,0,0
0:09:01.500000,0,0,0
0:09:02,0,0,0
0:09:02.500000,0,0,0
0:09:03,0,0,0
0:09:03.500000,0,0,0
0:09:04,0,0,0
0:09:04.500000,0,0,0
0:09:05,0,0,0
0:09:05.500000,0,0,0
0:09:06,0,0,0
0:09:06.500000,0,0,0
0:09:07,0,0,0
0:09:07.500000,0,0,0
0:09:08,0,0,0
0:09:08.500000,0,0,0
0:09:09,0,0,0
0:09:09.500000,0,0,0
0:09:10,0,0,0
0:09:10.500000,0,0,0
0:09:11,0,0,0
0:09:11.500000,0,0,0
0:09:12,0,0,0
0:09:12.500000,0,0,0
0:09:13,0,0,0
0:09:13.500000,0,0,0
0:09:14,0,0,0
0:09:14.500000,0,0,0
0:09:15,0,0,0
0:09:15.500000,0,0,0
0:09:16,0,0,0
0:09:16.500000,0,0,0
0:09:17,0,0,0
0:09:17.500000,0,0,0
0:09:18,0,0,0
0:09:18.500000,0,0,0
0:09:19,0,0,0
0:09:19.500000,0,0,0
0:09:20,0,0,0
0:09:20.500000,0,0,0
0:09:21,0,0,0
0:09:21.500000,0,0,0
0:09:22,0,0,0
0:09:22.500000,0,0,0
0:09:23,0,0,0
0:09:23.500000,0,0,0
0:09:24,0,0,0
0:09:24.500000,0,0,0
0:09:25,0,0,0
0:09:25.500000,0,0,0
0:09:26,0,0,0
0:09:26.500000,0,0,0
0:09:27,0,0,0
0:09:27.500000,0,0,0
0:09:28,0,0,0
0:09:28.500000,0,0,0
0:09:29,0,0,0
0:09:29.500000,0,0,0
0:09:30,0,0,0
0:09:30.500000,0,0,0
0:09:31,0,0,0
0:09:31.500000,0,0,0
0:09:32,0,0,0
0:09:32.500000,0,0,0
0:09:33,0,0,0
0:09:33.500000,0,0,0
0:09:34,0,0,0
0:09:34.500000,0,0,0
0:09:35,0,0,0
0:09:35.500000,0,0,0
0:09:36,0,0,0
0:09:36.500000,0,0,0
0:09:37,0,0,0
0:09:37.500000,0,0,0
0:09:38,0,0,0
0:09:38.500000,0,0,0
0:09:39,0,0,0
0:09:39.500000,0,0,0
0:09:40,0,0,0
0:09:40.500000,0,0,0
0:09:41,0,0,0
0:09:41.500000,0,0,0
0:09:42,0,0,0
0:09:42.500000,0,0,0
0:09:43,0,0,0
0:09:43.500000,0,0,0
0:09:44,0,0,0
0:09:44.500000,0,0,0
0:09:45,0,0,0
0:09:45.500000,0,0,0
0:09:46,0,0,0
0:09:46.500000,0,0,0
0:09:47,0,0,0
0:09:47.500000,0,0,0
0:09:48,0,0,0
0:09:48.500000,0,0,0
0:09:49,0,0,0
0:09:49.500000,0,0,0
0:09:50,0,0,0
0:09:50.500000,0,0,0
0:09:51,0,0,0
0:09:51.500000,0,0,0
0:09:52,0,0,0
0:09:52.500000,0,0,0
0:09:53,0,0,0
0:09:53.500000,0,0,0
0:09:54,0,0,0
0:09:54.500000,0,0,0
0:09:55,0,0,0
0:09:55.500000,0,0,0
0:09:56,0,0,0
0:09:56.500000,0,0,0
0:09:57,0,0,0
0:09:57.500000,0,0,0
0:09:58,0,0,0
0:09:58.500000,0,0,0
0:09:59,0,0,0
0:09:59.500000,0,0,0
0:10:00,0,0,0
0:10:00.500000,0,0,0
0:10:01,0,0,0
0:10:01.500000,0,0,0
0:10:02,0,0,0
0:10:02.500000,0,0,0
0:10:03,0,0,0
0:10:03.500000,0,0,0
0:10:04,0,0,0
0:10:04.500000,0,0,0
0:10:05,0,0,0
0:10:05.500000,0,0,0
0:10:06,0,0,0
0:10:06.500000,0,0,0
0:10:07,0,0,0
0:10:07.500000,0,0,0
0:10:08,0,0,0
0:10:08.500000,0,0,0
0:10:09,0,0,0
0:10:09.500000,0,0,0
0:10:10,0,0,0
0:10:10.500000,0,0,0
0:10:11,0,0,0
0:10:11.500000,0,0,0
0:10:12,0,0,0
0:10:12.500000,0,0,0
0:10:13,0,0,0
0:10:13.500000,0,0,0
0:10:14,0,0,0
0:10:14.500000,0,0,0
0:10:15,0,0,0
0:10:15.500000,0,0,0
0:10:16,0,0,0
0:10:16.500000,0,0,0
0:10:17,0,0,0
0:10:17.500000,0,0,0
0:10:18,0,0,0
0:10:18.500000,0,0,0
0:10:19,0,0,0
0:10:19.500000,0,0,0
0:10:20,0,0,0
0:10:20.500000,0,0,0
0:10:21,0,0,0
0:10:21.500000,0,0,0
0:10:22,0,0,0
0:10:22.500000,0,0,0
0:10:23,0,0,0
0:10:23.500000,0,0,0
0:10:24,0,0,0
0:10:24.500000,0,0,0
0:10:25,0,0,0
0:10:25.500000,0,0,0
0:10:26,0,0,0
0:10:26.500000,0,0,0
0:10:27,0,0,0
0:10:27.500000,0,0,0
0:10:28,0,0,0
0:10:28.500000,0,0,0
0:10:29,0,0,0
0:10:29.500000,0,0,0
0:10:30,0,0,0
0:10:30.500000,0,0,0
0:10:31,0,0,0
0:10:31.500000,0,0,0
0:10:32,0,0,0
0:10:32.500000,0,0,0
0:10:33,0,0,0
0:10:33.500000,0,0,0
0:10:34,0,0,0
0:10:34.500000,0,0,0
0:10:35,0,0,0
0:10:35.500000,0,0,0
0:10:36,0,0,0
0:10:36.500000,0,0,0
0:10:37,0,0,0
0:10:37.500000,0,0,0
0:10:38,0,0,0
0:10:38.500000,0,0,0
0:10:39,0,0,0
0:10:39.500000,0,0,0
0:10:40,0,0,0
0:10:40.500000,0,0,0
0:10:41,0,0,0
0:10:41.500000,0,0,0
0:10:42,0,0,0
0:10:42.500000,0,0,0
0:10:43,0,0,0
0:10:43.500000,0,0,0
0:10:44,0,0,0
0:10:44.500000,0,0,0
0:10:45,0,0,0
0:10:45.500000,0,0,0
0:10:46,0,0,0
0:10:46.500000,0,0,0
0:10:47,0,0,0
0:10:47.500000,0,0,0
0:10:48,0,0,0
0:10:48.500000,0,0,0
0:10:49,0,0,0
0:10:49.500000,0,0,0
0:10:50,0,0,0
0:10:50.500000,0,0,0
0:10:51,0,0,0
0:10:51.500000,0,0,0
0:10:52,0,0,0
0:10:52.500000,0,0,0
0:10:53,0,0,0
0:10:53.500000,0,0,0
0:10:54,0,0,0
0:10:54.500000,0,0,0
0:10:55,0,0,0
0:10:55.500000,0,0,0
0:10:56,0,0,0
0:10:56.500000,0,0,0
0:10:57,0,0,0
0:10:57.500000,0,0,0
0:10:58,0,0,0
0:10:58.500000,0,0,0
0:10:59,0,0,0
0:10:59.500000,0,0,0
0:11:00,0,0,0
0:11:00.500000,0,0,0
0:11:01,0,0,0
0:11:01.500000,0,0,0
0:11:02,0,0,0
0:11:02.500000,0,0,0
0:11:03,0,0,0
0:11:03.500000,0,0,0
0:11:04,0,0,0
0:11:04.500000,0,0,0
0:11:05,0,0,0
0:11:05.500000,0,0,0
0:11:06,0,0,0
0:11:06.500000,0,0,0
0:11:07,0,0,0
0:11:07.500000,0,0,0
0:11:08,0,0,0
0:11:08.500000,0,0,0
0:11:09,0,0,0
0:11:09.500000,0,0,0
0:11:10,0,0,0
0:11:10.500000,0,0,0
0:11:11,0,0,0
0:11:11.500000,0,0,0
0:11:12,0,0,0
0:11:12.500000,0,0,0
0:11:13,0,0,0
0:11:13.500000,0,0,0
0:11:14,0,0,0
0:11:14.500000,0,0,0
0:11:15,0,0,0
0:11:15.500000,0,0,0
0:11:16,0,0,0
0:11:16.500000,75,0,0
0:11:17,0,0,0
0:11:17.500000,0,0,0
0:11:18,0,0,0
0:11:18.500000,0,0,0
0:11:19,0,0,0
0:11:19.500000,0,0,0
0:11:20,0,0,0
0:11:20.500000,0,0,0
0:11:21,0,0,0
0:11:21.500000,0,0,0
0:11:22,0,0,0
0:11:22.500000,0,0,0
0:11:23,0,0,0
0:11:23.500000,0,0,0
0:11:24,0,0,0
0:11:24.500000,0,0,0
0:11:25,0,0,0
0:11:25.500000,0,0,0
0:11:26,0,0,0
0:11:26.500000,0,0,0
0:11:27,0,0,0
0:11:27.500000,0,0,0
0:11:28,0,0,0
0:11:28.500000,0,0,0
0:11:29,0,0,0
0:11:29.500000,0,0,0
0:11:30,-75,0,0
0:11:30.500000,-75,0,0
0:11:31,-75,0,0
0:11:31.500000,-75,0,0
0:11:32,-75,0,0
0:11:32.500000,-75,0,0
0:11:33,-75,0,0
0:11:33.500000,-75,0,0
0:11:34,-75,0,0
0:11:34.500000,0,0,0
0:11:35,0,0,0
0:11:35.500000,0,0,0
0:11:36,0,0,0
0:11:36.500000,0,0,0
0:11:37,0,0,0
0:11:37.500000,0,0,0
0:11:38,0,0,0
0:11:38.500000,0,0,0
0:11:39,0,0,0
0:11:39.500000,0,0,0
0:11:40,0,0,0
0:11:40.500000,0,0,0
0:11:41,0,0,0
0:11:41.500000,0,0,0
0:11:42,0,0,0
0:11:42.500000,0,0,0
0:11:43,0,0,0
0:11:43.500000,0,0,0
0:11:44,0,0,0
0:11:44.500000,0,0,0
0:11:45,0,0,0
0:11:45.500000,0,0,0
0:11:46,0,0,0
0:11:46.500000,0,0,0
0:11:47,0,0,0
0:11:47.500000,0,0,0
0:11:48,0,0,0
0:11:48.500000,0,0,0
0:11:49,0,0,0
0:11:49.500000,0,0,0
0:11:50,0,0,0
0:11:50.500000,0,0,0
0:11:51,0,0,0
0:11:51.500000,0,0,0
0:11:52,0,0,0
0:11:52.500000,0,0,0
0:11:53,0,0,0
0:11:53.500000,0,0,0
0:11:54,0,0,0
0:11:54.500000,0,0,0
0:11:55,0,0,0
0:11:55.500000,0,0,0
0:11:56,0,0,0
0:11:56.500000,0,0,0
0:11:57,0,0,0
0:11:57.500000,0,0,0
0:11:58,0,0,0
0:11:58.500000,0,0,0
0:11:59,0,0,0
0:11:59.500000,0,0,0
0:12:00,0,0,0
0:12:00.500000,0,0,0
0:12:01,0,0,0
0:12:01.500000,0,0,0
0:12:02,0,0,0
0:12:02.500000,0,0,0
0:12:03,0,0,0
0:12:03.500000,0,0,0
0:12:04,0,0,0
0:12:04.500000,0,0,0
0:12:05,0,0,0
0:12:05.500000,0,0,0
0:12:06,0,0,0
0:12:06.500000,0,0,0
0:12:07,0,0,0
0:12:07.500000,0,0,0
0:12:08,0,0,0
0:12:08.500000,0,0,0
0:12:09,0,0,0
0:12:09.500000,0,0,0
0:12:10,0,0,0
0:12:10.500000,0,0,0
0:12:11,0,0,0
0:12:11.500000,0,0,0
0:12:12,0,0,0
0:12:12.500000,0,0,0
0:12:13,0,0,0
0:12:13.500000,0,0,0
0:12:14,0,0,0
0:12:14.500000,0,0,0
0:12:15,0,0,0
0:12:15.500000,0,0,0
0:12:16,0,0,0
0:12:16.500000,-75,0,0
0:12:17,-75,0,0
0:12:17.500000,-75,0,0
0:12:18,-75,0,0
0:12:18.500000,-75,0,0
0:12:19,-75,0,0
0:12:19.500000,-75,0,0
0:12:20,-75,0,0
0:12:20.500000,-75,0,0
0:12:21,-75,0,0
0:12:21.500000,0,0,0
0:12:22,0,0,0
0:12:22.500000,0,0,0
0:12:23,0,0,0
0:12:23.500000,0,0,0
0:12:24,0,0,0
0:12:24.500000,0,0,0
0:12:25,0,0,0
0:12:25.500000,0,0,0
0:12:26,0,0,0
0:12:26.500000,0,0,0
0:12:27,0,0,0
0:12:27.500000,-75,0,0
0:12:28,-75,0,0
0:12:28.500000,0,0,0
0:12:29,0,0,0
0:12:29.500000,-75,0,0
0:12:30,-75,0,0
0:12:30.500000,0,0,0
0:12:31,0,0,0
0:12:31.500000,-75,0,0
0:12:32,-75,0,0
0:12:32.500000,-75,0,0
0:12:33,0,0,0
0:12:33.500000,0,0,0
0:12:34,0,0,0
0:12:34.500000,0,0,0
0:12:35,0,0,0
0:12:35.500000,0,0,0
0:12:36,0,0,0
0:12:36.500000,0,0,0
0:12:37,0,0,0
0:12:37.500000,0,0,0
0:12:38,0,0,0
0:12:38.500000,0,0,0
0:12:39,0,0,0
0:12:39.500000,0,0,0
0:12:40,0,0,0
0:12:40.500000,0,0,0
0:12:41,0,0,0
0:12:41.500000,0,0,0
0:12:42,0,0,0
0:12:42.500000,0,0,0
0:12:43,0,0,0
0:12:43.500000,0,0,0
0:12:44,0,0,0
0:12:44.500000,0,0,0
0:12:45,0,0,0
0:12:45.500000,0,0,0
0:12:46,0,0,0
0:12:46.500000,0,0,0
0:12:47,0,0,0
0:12:47.500000,0,0,0
0:12:48,0,0,0
0:12:48.500000,0,0,0
0:12:49,0,0,0
0:12:49.500000,0,0,0
0:12:50,0,0,0
0:12:50.500000,0,0,0
0:12:51,0,0,0
0:12:51.500000,0,0,0
0:12:52,0,0,0
0:12:52.500000,0,0,0
0:12:53,0,0,0
0:12:53.500000,0,0,0
0:12:54,0,0,0
0:12:54.500000,0,0,0
0:12:55,0,0,0
0:12:55.500000,0,0,0
0:12:56,0,0,0
0:12:56.500000,0,0,0
0:12:57,0,0,0
0:12:57.500000,0,0,0
0:12:58,0,0,0
0:12:58.500000,0,0,0
0:12:59,0,0,0
0:12:59.500000,0,0,0
0:13:00,0,0,0
0:13:00.500000,0,0,0
0:13:01,0,0,0
0:13:01.500000,0,0,0
0:13:02,0,0,0
0:13:02.500000,0,0,0
0:13:03,0,0,0
0:13:03.500000,0,0,0
0:13:04,0,0,0
0:13:04.500000,0,0,0
0:13:05,0,0,0
0:13:05.500000,0,0,0
0:13:06,0,0,0
0:13:06.500000,0,0,0
0:13:07,0,0,0
0:13:07.500000,0,0,0
0:13:08,0,0,0
0:13:08.500000,0,0,0
0:13:09,0,0,0
0:13:09.500000,0,0,0
0:13:10,0,0,0
0:13:10.500000,0,0,0
0:13:11,0,0,0
0:13:11.500000,0,0,0
0:13:12,0,0,0
0:13:12.500000,0,0,0
0:13:13,0,0,0
0:13:13.500000,0,0,0
0:13:14,0,0,0
0:13:14.500000,0,0,0
0:13:15,0,0,0
0:13:15.500000,0,0,0
0:13:16,0,0,0
0:13:16.500000,0,0,0
0:13:17,0,0,0
0:13:17.500000,0,0,0
0:13:18,0,0,0
0:13:18.500000,0,0,0
0:13:19,0,0,0
0:13:19.500000,0,0,0
0:13:20,0,0,0
0:13:20.500000,0,0,0
0:13:21,0,0,0
0:13:21.500000,0,0,0
0:13:22,0,0,0
0:13:22.500000,0,0,0
0:13:23,0,0,0
0:13:23.500000,0,0,0
0:13:24,0,0,0
0:13:24.500000,0,0,0
0:13:25,0,0,0
0:13:25.500000,0,0,0
0:13:26,0,0,0
0:13:26.500000,0,0,0
0:13:27,0,0,0
0:13:27.500000,0,0,0
0:13:28,0,0,0
0:13:28.500000,0,0,0
0:13:29,0,0,0
0:13:29.500000,0,0,0
0:13:30,0,0,0
0:13:30.500000,0,0,0
0:13:31,0,0,0
0:13:31.500000,0,0,0
0:13:32,0,0,0
0:13:32.500000,0,0,0
0:13:33,0,0,0
0:13:33.500000,0,0,0
0:13:34,0,0,0
0:13:34.500000,0,0,0
0:13:35,0,0,0
0:13:35.500000,0,0,0
0:13:36,0,0,0
0:13:36.500000,0,0,0
0:13:37,0,0,0
0:13:37.500000,0,0,0
0:13:38,0,0,0
0:13:38.500000,0,0,0
0:13:39,0,0,0
0:13:39.500000,0,0,0
